#SampleID	BarcodeSequence	LinkerPrimerSequence	Well_position_rev	SampleType	Mouse_Number	Mouse_Source_Vendor	Penn.CHOP_Location	Room_Number	Rack_Number	Cage_Number	Experiment	SampleTimePoint	Sort_Count	Sort.Population	Project	Plate	fwd_barcode	rev_barcode	Description
CR.20.CE.Day0	GCGTGTTAAACCATGCTAACCACG	AA	A09	Cecal Content	20	Charles River	ARC	222	NA	NA	Charles River Cecal Content (ARC Vendor Experiment)	Day 0	NA	NA	Stool IgG	P2	GCGTGTTAAACC	ATGCTAACCACG	000000000-BLTJV
CR.20.Stool.Day0	GCGTGTTAAACCCTTGAGAAATCG	AA	A05	Stool	20	Charles River	ARC	222	NA	NA	Charles River Stool (ARC Vendor Experiment)	Day 0	NA	NA	Stool IgG	P2	GCGTGTTAAACC	CTTGAGAAATCG	000000000-BLTJV
CR.21.CE.Day0	GCGTGTTAAACCTGTACATCGCCG	AA	A10	Cecal Content	21	Charles River	ARC	222	NA	NA	Charles River Cecal Content (ARC Vendor Experiment)	Day 0	NA	NA	Stool IgG	P2	GCGTGTTAAACC	TGTACATCGCCG	000000000-BLTJV
CR.21.Stool.Day0	GCGTGTTAAACCCCAGACCGCTAT	AA	A06	Stool	21	Charles River	ARC	222	NA	NA	Charles River Stool (ARC Vendor Experiment)	Day 0	NA	NA	Stool IgG	P2	GCGTGTTAAACC	CCAGACCGCTAT	000000000-BLTJV
CR.22.CE.Day0	GCGTGTTAAACCCGGAGTAATCCT	AA	A11	Cecal Content	22	Charles River	ARC	222	NA	NA	Charles River Cecal Content (ARC Vendor Experiment)	Day 0	NA	NA	Stool IgG	P2	GCGTGTTAAACC	CGGAGTAATCCT	000000000-BLTJV
CR.22.Stool.Day0	GCGTGTTAAACCTAAAGACCCGTA	AA	A07	Stool	22	Charles River	ARC	222	NA	NA	Charles River Stool (ARC Vendor Experiment)	Day 0	NA	NA	Stool IgG	P2	GCGTGTTAAACC	TAAAGACCCGTA	000000000-BLTJV
CR.23.CE.Day0	GCGTGTTAAACCCGATAGGCCTTA	AA	B01	Cecal Content	23	Charles River	ARC	222	NA	NA	Charles River Cecal Content (ARC Vendor Experiment)	Day 0	NA	NA	Stool IgG	P2	GCGTGTTAAACC	CGATAGGCCTTA	000000000-BLTJV
CR.23.Stool.Day0	GCGTGTTAAACCCGCACTACGCAT	AA	A08	Stool	23	Charles River	ARC	222	NA	NA	Charles River Stool (ARC Vendor Experiment)	Day 0	NA	NA	Stool IgG	P2	GCGTGTTAAACC	CGCACTACGCAT	000000000-BLTJV
Env.10.CE.Day1	GCGTGTTAAACCACTCTAGCCGGT	AA	A01	Cecal Content	10	Envigo	ARC	222	NA	NA	Env Cecal Content (ARC Vendor Experiment)	Day 1	NA	NA	Stool IgG	P2	GCGTGTTAAACC	ACTCTAGCCGGT	000000000-BLTJV
Env.11.CE.Day1	GCGTGTTAAACCGGTCTCCTACAG	AA	A02	Cecal Content	11	Envigo	ARC	222	NA	NA	Env Cecal Content (ARC Vendor Experiment)	Day 1	NA	NA	Stool IgG	P2	GCGTGTTAAACC	GGTCTCCTACAG	000000000-BLTJV
Env.11.Stool.Day0	GCTAATTACGCTCTCTTCTGATCA	AA	H08	Stool	11	Envigo	ARC	222	NA	NA	Env Stool (ARC Vendor Experiment)	Day 0	NA	NA	Stool IgG	P1	GCTAATTACGCT	CTCTTCTGATCA	000000000-BLTJV
Env.12.CE.Day1	GCGTGTTAAACCATGGGCGAATGG	AA	A03	Cecal Content	12	Envigo	ARC	222	NA	NA	Env Cecal Content (ARC Vendor Experiment)	Day 1	NA	NA	Stool IgG	P2	GCGTGTTAAACC	ATGGGCGAATGG	000000000-BLTJV
Env.12.Stool.Day0	GCTAATTACGCTGAGATCGCCTAT	AA	H09	Stool	12	Envigo	ARC	222	NA	NA	Env Stool (ARC Vendor Experiment)	Day 0	NA	NA	Stool IgG	P1	GCTAATTACGCT	GAGATCGCCTAT	000000000-BLTJV
Env.13.CE.Day1	GCGTGTTAAACCCTGGGTATCTCG	AA	A04	Cecal Content	13	Envigo	ARC	222	NA	NA	Env Cecal Content (ARC Vendor Experiment)	Day 1	NA	NA	Stool IgG	P2	GCGTGTTAAACC	CTGGGTATCTCG	000000000-BLTJV
Env.13.Stool.Day0	GCTAATTACGCTAATAGCATGTCG	AA	H10	Stool	13	Envigo	ARC	222	NA	NA	Env Stool (ARC Vendor Experiment)	Day 0	NA	NA	Stool IgG	P1	GCTAATTACGCT	AATAGCATGTCG	000000000-BLTJV
Evn.10.Stool.Day0	GCTAATTACGCTACCCATACAGCC	AA	H07	Stool	10	Envigo	ARC	222	NA	NA	Env Stool (ARC Vendor Experiment)	Day 0	NA	NA	Stool IgG	P1	GCTAATTACGCT	ACCCATACAGCC	000000000-BLTJV
Jax.40.CE.Day1	GCGTGTTAAACCAGCTCTAGAAAC	AA	B06	Cecal Content	40	JAX	ARC	222	NA	NA	Jax Cecal Content (ARC Vendor Experiment)	Day 1	NA	NA	Stool IgG	P2	GCGTGTTAAACC	AGCTCTAGAAAC	000000000-BLTJV
Jax.40.Stool.Day0	GCGTGTTAAACCACTGACTTAAGG	AA	B02	Stool	40	JAX	ARC	222	NA	NA	Jax Stool (ARC Vendor Experiment)	Day 0	NA	NA	Stool IgG	P2	GCGTGTTAAACC	ACTGACTTAAGG	000000000-BLTJV
Jax.41.CE.Day1	GCGTGTTAAACCTGTATCTTCACC	AA	B07	Cecal Content	41	JAX	ARC	222	NA	NA	Jax Cecal Content (ARC Vendor Experiment)	Day 1	NA	NA	Stool IgG	P2	GCGTGTTAAACC	TGTATCTTCACC	000000000-BLTJV
Jax.41.Stool.Day0	GCGTGTTAAACCGATCTCTGGGTA	AA	B03	Stool	41	JAX	ARC	222	NA	NA	Jax Stool (ARC Vendor Experiment)	Day 0	NA	NA	Stool IgG	P2	GCGTGTTAAACC	GATCTCTGGGTA	000000000-BLTJV
Jax.42.CE.Day1	GCGTGTTAAACCCAGTCGTTAAGA	AA	B08	Cecal Content	42	JAX	ARC	222	NA	NA	Jax Cecal Content (ARC Vendor Experiment)	Day 1	NA	NA	Stool IgG	P2	GCGTGTTAAACC	CAGTCGTTAAGA	000000000-BLTJV
Jax.42.Stool.Day0	GCGTGTTAAACCGACTACCCGTTG	AA	B04	Stool	42	JAX	ARC	222	NA	NA	Jax Stool (ARC Vendor Experiment)	Day 0	NA	NA	Stool IgG	P2	GCGTGTTAAACC	GACTACCCGTTG	000000000-BLTJV
Jax.43.CE.Day1	GCGTGTTAAACCACCAATCTCGGC	AA	B09	Cecal Content	43	JAX	ARC	222	NA	NA	Jax Cecal Content (ARC Vendor Experiment)	Day 1	NA	NA	Stool IgG	P2	GCGTGTTAAACC	ACCAATCTCGGC	000000000-BLTJV
Jax.43.Stool.Day0	GCGTGTTAAACCCTACACAGCACA	AA	B05	Stool	43	JAX	ARC	222	NA	NA	Jax Stool (ARC Vendor Experiment)	Day 0	NA	NA	Stool IgG	P2	GCGTGTTAAACC	CTACACAGCACA	000000000-BLTJV
Tac.30.CE.Day1	GCTAATTACGCTGCCGTCTCGTAA	AA	H03	Cecal Content	30	Taconic	ARC	222	NA	NA	Tac Cecal Content (ARC Vendor Experiment)	Day 1	NA	NA	Stool IgG	P1	GCTAATTACGCT	GCCGTCTCGTAA	000000000-BLTJV
Tac.30.Stool.Day0	GCTAATTACGCTGTTTCCGTGGTG	AA	G11	Stool	30	Taconic	ARC	222	NA	NA	Tac Stool (ARC Vendor Experiment)	Day 0	NA	NA	Stool IgG	P1	GCTAATTACGCT	GTTTCCGTGGTG	000000000-BLTJV
Tac.31.CE.Day1	GCTAATTACGCTATAACATGTGCG	AA	H04	Cecal Content	31	Taconic	ARC	222	NA	NA	Tac Cecal Content (ARC Vendor Experiment)	Day 1	NA	NA	Stool IgG	P1	GCTAATTACGCT	ATAACATGTGCG	000000000-BLTJV
Tac.31.Stool.Day0	GCTAATTACGCTCTAGCTATGGAC	AA	G12	Stool	31	Taconic	ARC	222	NA	NA	Tac Stool (ARC Vendor Experiment)	Day 0	NA	NA	Stool IgG	P1	GCTAATTACGCT	CTAGCTATGGAC	000000000-BLTJV
Tac.32.CE.Day1	GCTAATTACGCTATTATCGTCCCT	AA	H05	Cecal Content	32	Taconic	ARC	222	NA	NA	Tac Cecal Content (ARC Vendor Experiment)	Day 1	NA	NA	Stool IgG	P1	GCTAATTACGCT	ATTATCGTCCCT	000000000-BLTJV
Tac.32.Stool.Day0	GCTAATTACGCTACGTGTAGGCTT	AA	H01	Stool	32	Taconic	ARC	222	NA	NA	Tac Stool (ARC Vendor Experiment)	Day 0	NA	NA	Stool IgG	P1	GCTAATTACGCT	ACGTGTAGGCTT	000000000-BLTJV
Tac.33.CE.Day1	GCTAATTACGCTTCCAACTGCAGA	AA	H06	Cecal Content	33	Taconic	ARC	222	NA	NA	Tac Cecal Content (ARC Vendor Experiment)	Day 1	NA	NA	Stool IgG	P1	GCTAATTACGCT	TCCAACTGCAGA	000000000-BLTJV
Tac.33.Stool.Day0	GCTAATTACGCTGAGCGTATCCAT	AA	H02	Stool	33	Taconic	ARC	222	NA	NA	Tac Stool (ARC Vendor Experiment)	Day 0	NA	NA	Stool IgG	P1	GCTAATTACGCT	GAGCGTATCCAT	000000000-BLTJV
